{"d": 2, "version": 6, "index_type": "SBT", "storage": {"backend": "FSStorage", "args": {"path": ".sbt.sourmash-rename-headers-db.zip"}}, "factory": {"class": "GraphFactory", "args": [1, 100000.0, 4]}, "nodes": {"0": {"filename": "internal.0", "name": "internal.0", "metadata": {"min_n_below": 976}}, "1": {"filename": "internal.1", "name": "internal.1", "metadata": {"min_n_below": 976}}, "2": {"filename": "internal.2", "name": "internal.2", "metadata": {"min_n_below": 978}}, "3": {"filename": "internal.3", "name": "internal.3", "metadata": {"min_n_below": 976}}, "4": {"filename": "internal.4", "name": "internal.4", "metadata": {"min_n_below": 984}}, "5": {"filename": "internal.5", "name": "internal.5", "metadata": {"min_n_below": 978}}, "6": {"filename": "internal.6", "name": "internal.6", "metadata": {"min_n_below": 984}}, "7": {"filename": "internal.7", "name": "internal.7", "metadata": {"min_n_below": 987}}, "8": {"filename": "internal.8", "name": "internal.8", "metadata": {"min_n_below": 976}}, "9": {"filename": "internal.9", "name": "internal.9", "metadata": {"min_n_below": 987}}, "10": {"filename": "internal.10", "name": "internal.10", "metadata": {"min_n_below": 984}}, "11": {"filename": "internal.11", "name": "internal.11", "metadata": {"min_n_below": 978}}, "12": {"filename": "internal.12", "name": "internal.12", "metadata": {"min_n_below": 978}}, "13": {"filename": "internal.13", "name": "internal.13", "metadata": {"min_n_below": 984}}, "14": {"filename": "internal.14", "name": "internal.14", "metadata": {"min_n_below": 995}}, "15": {"filename": "internal.15", "name": "internal.15", "metadata": {"min_n_below": 987}}, "16": {"filename": "internal.16", "name": "internal.16", "metadata": {"min_n_below": 992}}, "17": {"filename": "internal.17", "name": "internal.17", "metadata": {"min_n_below": 1000}}, "18": {"filename": "internal.18", "name": "internal.18", "metadata": {"min_n_below": 976}}, "19": {"filename": "internal.19", "name": "internal.19", "metadata": {"min_n_below": 992}}, "20": {"filename": "internal.20", "name": "internal.20", "metadata": {"min_n_below": 987}}, "21": {"filename": "internal.21", "name": "internal.21", "metadata": {"min_n_below": 987}}, "22": {"filename": "internal.22", "name": "internal.22", "metadata": {"min_n_below": 984}}, "23": {"filename": "internal.23", "name": "internal.23", "metadata": {"min_n_below": 987}}, "24": {"filename": "internal.24", "name": "internal.24", "metadata": {"min_n_below": 978}}, "25": {"filename": "internal.25", "name": "internal.25", "metadata": {"min_n_below": 995}}, "26": {"filename": "internal.26", "name": "internal.26", "metadata": {"min_n_below": 978}}, "27": {"filename": "internal.27", "name": "internal.27", "metadata": {"min_n_below": 984}}, "28": {"filename": "internal.28", "name": "internal.28", "metadata": {"min_n_below": 993}}, "29": {"filename": "internal.29", "name": "internal.29", "metadata": {"min_n_below": 1001}}, "30": {"filename": "internal.30", "name": "internal.30", "metadata": {"min_n_below": 995}}, "31": {"filename": "internal.31", "name": "internal.31", "metadata": {"min_n_below": 987}}, "32": {"filename": "internal.32", "name": "internal.32", "metadata": {"min_n_below": 987}}, "33": {"filename": "internal.33", "name": "internal.33", "metadata": {"min_n_below": 992}}, "34": {"filename": "internal.34", "name": "internal.34", "metadata": {"min_n_below": 996}}, "35": {"filename": "internal.35", "name": "internal.35", "metadata": {"min_n_below": 1009}}, "36": {"filename": "internal.36", "name": "internal.36", "metadata": {"min_n_below": 1000}}, "37": {"filename": "internal.37", "name": "internal.37", "metadata": {"min_n_below": 989}}, "38": {"filename": "internal.38", "name": "internal.38", "metadata": {"min_n_below": 976}}, "39": {"filename": "internal.39", "name": "internal.39", "metadata": {"min_n_below": 993}}, "40": {"filename": "internal.40", "name": "internal.40", "metadata": {"min_n_below": 992}}, "41": {"filename": "internal.41", "name": "internal.41", "metadata": {"min_n_below": 988}}, "42": {"filename": "internal.42", "name": "internal.42", "metadata": {"min_n_below": 987}}, "43": {"filename": "internal.43", "name": "internal.43", "metadata": {"min_n_below": 987}}, "44": {"filename": "internal.44", "name": "internal.44", "metadata": {"min_n_below": 987}}, "45": {"filename": "internal.45", "name": "internal.45", "metadata": {"min_n_below": 984}}, "46": {"filename": "internal.46", "name": "internal.46", "metadata": {"min_n_below": 988}}, "47": {"filename": "internal.47", "name": "internal.47", "metadata": {"min_n_below": 998}}, "48": {"filename": "internal.48", "name": "internal.48", "metadata": {"min_n_below": 987}}, "49": {"filename": "internal.49", "name": "internal.49", "metadata": {"min_n_below": 978}}, "50": {"filename": "internal.50", "name": "internal.50", "metadata": {"min_n_below": 988}}, "51": {"filename": "internal.51", "name": "internal.51", "metadata": {"min_n_below": 995}}, "52": {"filename": "internal.52", "name": "internal.52", "metadata": {"min_n_below": 1000}}, "53": {"filename": "internal.53", "name": "internal.53", "metadata": {"min_n_below": 978}}, "54": {"filename": "internal.54", "name": "internal.54", "metadata": {"min_n_below": 987}}, "55": {"filename": "internal.55", "name": "internal.55", "metadata": {"min_n_below": 984}}, "56": {"filename": "internal.56", "name": "internal.56", "metadata": {"min_n_below": 986}}, "57": {"filename": "internal.57", "name": "internal.57", "metadata": {"min_n_below": 1005}}, "58": {"filename": "internal.58", "name": "internal.58", "metadata": {"min_n_below": 993}}, "59": {"filename": "internal.59", "name": "internal.59", "metadata": {"min_n_below": 1001}}, "60": {"filename": "internal.60", "name": "internal.60", "metadata": {"min_n_below": 1013}}, "61": {"filename": "internal.61", "name": "internal.61", "metadata": {"min_n_below": 995}}, "62": {"filename": "internal.62", "name": "internal.62", "metadata": {"min_n_below": 1008}}, "63": {"filename": "internal.63", "name": "internal.63", "metadata": {"min_n_below": 988}}, "64": {"filename": "internal.64", "name": "internal.64", "metadata": {"min_n_below": 987}}, "65": {"filename": "internal.65", "name": "internal.65", "metadata": {"min_n_below": 987}}, "66": {"filename": "internal.66", "name": "internal.66", "metadata": {"min_n_below": 992}}, "67": {"filename": "internal.67", "name": "internal.67", "metadata": {"min_n_below": 1004}}, "68": {"filename": "internal.68", "name": "internal.68", "metadata": {"min_n_below": 992}}, "69": {"filename": "internal.69", "name": "internal.69", "metadata": {"min_n_below": 996}}, "70": {"filename": "internal.70", "name": "internal.70", "metadata": {"min_n_below": 1004}}, "71": {"filename": "internal.71", "name": "internal.71", "metadata": {"min_n_below": 1011}}, "72": {"filename": "internal.72", "name": "internal.72", "metadata": {"min_n_below": 1009}}, "73": {"filename": "internal.73", "name": "internal.73", "metadata": {"min_n_below": 1000}}, "74": {"filename": "internal.74", "name": "internal.74", "metadata": {"min_n_below": 1005}}, "75": {"filename": "internal.75", "name": "internal.75", "metadata": {"min_n_below": 989}}, "76": {"filename": "internal.76", "name": "internal.76", "metadata": {"min_n_below": 1005}}, "77": {"filename": "internal.77", "name": "internal.77", "metadata": {"min_n_below": 1001}}, "78": {"filename": "internal.78", "name": "internal.78", "metadata": {"min_n_below": 976}}, "79": {"filename": "internal.79", "name": "internal.79", "metadata": {"min_n_below": 998}}, "80": {"filename": "internal.80", "name": "internal.80", "metadata": {"min_n_below": 993}}, "81": {"filename": "internal.81", "name": "internal.81", "metadata": {"min_n_below": 999}}, "82": {"filename": "internal.82", "name": "internal.82", "metadata": {"min_n_below": 992}}, "83": {"filename": "internal.83", "name": "internal.83", "metadata": {"min_n_below": 997}}, "84": {"filename": "internal.84", "name": "internal.84", "metadata": {"min_n_below": 988}}, "85": {"filename": "internal.85", "name": "internal.85", "metadata": {"min_n_below": 1005}}, "86": {"filename": "internal.86", "name": "internal.86", "metadata": {"min_n_below": 987}}, "87": {"filename": "internal.87", "name": "internal.87", "metadata": {"min_n_below": 1007}}, "88": {"filename": "internal.88", "name": "internal.88", "metadata": {"min_n_below": 987}}, "89": {"filename": "internal.89", "name": "internal.89", "metadata": {"min_n_below": 993}}, "90": {"filename": "internal.90", "name": "internal.90", "metadata": {"min_n_below": 987}}, "91": {"filename": "internal.91", "name": "internal.91", "metadata": {"min_n_below": 997}}, "92": {"filename": "internal.92", "name": "internal.92", "metadata": {"min_n_below": 984}}, "93": {"filename": "internal.93", "name": "internal.93", "metadata": {"min_n_below": 994}}, "94": {"filename": "internal.94", "name": "internal.94", "metadata": {"min_n_below": 988}}, "95": {"filename": "internal.95", "name": "internal.95", "metadata": {"min_n_below": 998}}, "96": {"filename": "internal.96", "name": "internal.96", "metadata": {"min_n_below": 1004}}, "97": {"filename": "internal.97", "name": "internal.97", "metadata": {"min_n_below": 1004}}, "98": {"filename": "internal.98", "name": "internal.98", "metadata": {"min_n_below": 987}}, "99": {"filename": "internal.99", "name": "internal.99", "metadata": {"min_n_below": 978}}, "100": {"filename": "internal.100", "name": "internal.100", "metadata": {"min_n_below": 988}}, "101": {"filename": "internal.101", "name": "internal.101", "metadata": {"min_n_below": 1008}}, "102": {"filename": "internal.102", "name": "internal.102", "metadata": {"min_n_below": 988}}, "103": {"filename": "internal.103", "name": "internal.103", "metadata": {"min_n_below": 999}}, "104": {"filename": "internal.104", "name": "internal.104", "metadata": {"min_n_below": 995}}, "105": {"filename": "internal.105", "name": "internal.105", "metadata": {"min_n_below": 1000}}, "106": {"filename": "internal.106", "name": "internal.106", "metadata": {"min_n_below": 1008}}, "107": {"filename": "internal.107", "name": "internal.107", "metadata": {"min_n_below": 978}}, "108": {"filename": "internal.108", "name": "internal.108", "metadata": {"min_n_below": 995}}, "109": {"filename": "internal.109", "name": "internal.109", "metadata": {"min_n_below": 987}}, "110": {"filename": "internal.110", "name": "internal.110", "metadata": {"min_n_below": 991}}, "111": {"filename": "internal.111", "name": "internal.111", "metadata": {"min_n_below": 984}}}, "signatures": {"112": {"filename": "d117dc86fcdf41b1baab31358f18a98a", "name": "d117dc86fcdf41b1baab31358f18a98a", "metadata": "d117dc86fcdf41b1baab31358f18a98a"}, "113": {"filename": "3e9d76eacfcef2382634554445474c9c", "name": "3e9d76eacfcef2382634554445474c9c", "metadata": "3e9d76eacfcef2382634554445474c9c"}, "114": {"filename": "d110f8f3ab1df2d99596d374988f0752", "name": "d110f8f3ab1df2d99596d374988f0752", "metadata": "d110f8f3ab1df2d99596d374988f0752"}, "115": {"filename": "f2804dc81a193fb8e264a3cb25d52077", "name": "f2804dc81a193fb8e264a3cb25d52077", "metadata": "f2804dc81a193fb8e264a3cb25d52077"}, "116": {"filename": "806dd7f91593e607e2e75048cdf5f00f", "name": "806dd7f91593e607e2e75048cdf5f00f", "metadata": "806dd7f91593e607e2e75048cdf5f00f"}, "117": {"filename": "4c813a05a569f20ba89b476a2d778100", "name": "4c813a05a569f20ba89b476a2d778100", "metadata": "4c813a05a569f20ba89b476a2d778100"}, "118": {"filename": "c6065073228632f1adb5ab5963eab2fd", "name": "c6065073228632f1adb5ab5963eab2fd", "metadata": "c6065073228632f1adb5ab5963eab2fd"}, "119": {"filename": "7ca2dad26396b20b1783d7fe6aa1e7ec", "name": "7ca2dad26396b20b1783d7fe6aa1e7ec", "metadata": "7ca2dad26396b20b1783d7fe6aa1e7ec"}, "120": {"filename": "5383eaa5bb140360eb95653c60b5aa22", "name": "5383eaa5bb140360eb95653c60b5aa22", "metadata": "5383eaa5bb140360eb95653c60b5aa22"}, "121": {"filename": "07c4600773330b72efaeaaed96fc19ac", "name": "07c4600773330b72efaeaaed96fc19ac", "metadata": "07c4600773330b72efaeaaed96fc19ac"}, "122": {"filename": "f0cc90caed7f5f8adc4dd955ecea9541", "name": "f0cc90caed7f5f8adc4dd955ecea9541", "metadata": "f0cc90caed7f5f8adc4dd955ecea9541"}, "123": {"filename": "53fb4f91c627110a6d11b8de12e52af7", "name": "53fb4f91c627110a6d11b8de12e52af7", "metadata": "53fb4f91c627110a6d11b8de12e52af7"}, "124": {"filename": "3f53422161fd8be0e992f125c95213a3", "name": "3f53422161fd8be0e992f125c95213a3", "metadata": "3f53422161fd8be0e992f125c95213a3"}, "125": {"filename": "4b6b0b77100596646b11d4f418ad6e73", "name": "4b6b0b77100596646b11d4f418ad6e73", "metadata": "4b6b0b77100596646b11d4f418ad6e73"}, "126": {"filename": "0ef6c3f0db94c4f18c4abc00f8f2d804", "name": "0ef6c3f0db94c4f18c4abc00f8f2d804", "metadata": "0ef6c3f0db94c4f18c4abc00f8f2d804"}, "127": {"filename": "77f9a938545610513ca2a48652cae353", "name": "77f9a938545610513ca2a48652cae353", "metadata": "77f9a938545610513ca2a48652cae353"}, "128": {"filename": "20184885d025e4a5ab6bbe8880abd46e", "name": "20184885d025e4a5ab6bbe8880abd46e", "metadata": "20184885d025e4a5ab6bbe8880abd46e"}, "129": {"filename": "29e5659dec3f5d1115c4af462c492b21", "name": "29e5659dec3f5d1115c4af462c492b21", "metadata": "29e5659dec3f5d1115c4af462c492b21"}, "130": {"filename": "feff339692fd5bf6ec73ac7d13285ca0", "name": "feff339692fd5bf6ec73ac7d13285ca0", "metadata": "feff339692fd5bf6ec73ac7d13285ca0"}, "131": {"filename": "aa28e2d76f1eecae31ebe2455e5bac38", "name": "aa28e2d76f1eecae31ebe2455e5bac38", "metadata": "aa28e2d76f1eecae31ebe2455e5bac38"}, "132": {"filename": "feff339692fd5bf6ec73ac7d13285ca0_0", "name": "feff339692fd5bf6ec73ac7d13285ca0", "metadata": "feff339692fd5bf6ec73ac7d13285ca0"}, "133": {"filename": "77b2417cadae2aa1dcc41283214ba291", "name": "77b2417cadae2aa1dcc41283214ba291", "metadata": "77b2417cadae2aa1dcc41283214ba291"}, "134": {"filename": "00f234f8e5196198dbc55f76926e1ad6", "name": "00f234f8e5196198dbc55f76926e1ad6", "metadata": "00f234f8e5196198dbc55f76926e1ad6"}, "135": {"filename": "f2804dc81a193fb8e264a3cb25d52077_0", "name": "f2804dc81a193fb8e264a3cb25d52077", "metadata": "f2804dc81a193fb8e264a3cb25d52077"}, "136": {"filename": "1889efa37827ec82d6610ef0faaec277", "name": "1889efa37827ec82d6610ef0faaec277", "metadata": "1889efa37827ec82d6610ef0faaec277"}, "137": {"filename": "77b2417cadae2aa1dcc41283214ba291_0", "name": "77b2417cadae2aa1dcc41283214ba291", "metadata": "77b2417cadae2aa1dcc41283214ba291"}, "138": {"filename": "5ce2439cfe29c0ef9816a353b67cfa41", "name": "5ce2439cfe29c0ef9816a353b67cfa41", "metadata": "5ce2439cfe29c0ef9816a353b67cfa41"}, "139": {"filename": "e693a6f694bd6bfeb3c344efdeeadb0e", "name": "e693a6f694bd6bfeb3c344efdeeadb0e", "metadata": "e693a6f694bd6bfeb3c344efdeeadb0e"}, "140": {"filename": "456153fa8bc43a3b0855469d27b0c8d2", "name": "456153fa8bc43a3b0855469d27b0c8d2", "metadata": "456153fa8bc43a3b0855469d27b0c8d2"}, "141": {"filename": "26e79d2b0cb67820ff15328c4c90ef0a", "name": "26e79d2b0cb67820ff15328c4c90ef0a", "metadata": "26e79d2b0cb67820ff15328c4c90ef0a"}, "142": {"filename": "c66afb38bb20a9c3ee16d258d33cdb48", "name": "c66afb38bb20a9c3ee16d258d33cdb48", "metadata": "c66afb38bb20a9c3ee16d258d33cdb48"}, "143": {"filename": "2e9cabe55d43e84ffe8b835b0752fc50", "name": "2e9cabe55d43e84ffe8b835b0752fc50", "metadata": "2e9cabe55d43e84ffe8b835b0752fc50"}, "144": {"filename": "d104c4617bbe87c550909f71b1f25423", "name": "d104c4617bbe87c550909f71b1f25423", "metadata": "d104c4617bbe87c550909f71b1f25423"}, "145": {"filename": "b9a046810bc285473a79364ae4fa9ccc", "name": "b9a046810bc285473a79364ae4fa9ccc", "metadata": "b9a046810bc285473a79364ae4fa9ccc"}, "146": {"filename": "d104c4617bbe87c550909f71b1f25423_0", "name": "d104c4617bbe87c550909f71b1f25423", "metadata": "d104c4617bbe87c550909f71b1f25423"}, "147": {"filename": "b6c260ce34e02d5ae143d10b8250593a", "name": "b6c260ce34e02d5ae143d10b8250593a", "metadata": "b6c260ce34e02d5ae143d10b8250593a"}, "148": {"filename": "8bf84ec731a7270a1be787a3e09869ed", "name": "8bf84ec731a7270a1be787a3e09869ed", "metadata": "8bf84ec731a7270a1be787a3e09869ed"}, "149": {"filename": "7bd6ab8d8105b77862b9817d5cd33a5b", "name": "7bd6ab8d8105b77862b9817d5cd33a5b", "metadata": "7bd6ab8d8105b77862b9817d5cd33a5b"}, "150": {"filename": "5ec02f599988d5d11df725c96e9cfbf4", "name": "5ec02f599988d5d11df725c96e9cfbf4", "metadata": "5ec02f599988d5d11df725c96e9cfbf4"}, "151": {"filename": "d688d1ec3362d9a1797250d45e7d2674", "name": "d688d1ec3362d9a1797250d45e7d2674", "metadata": "d688d1ec3362d9a1797250d45e7d2674"}, "152": {"filename": "5462afbf164b15c762bdf83fc9c8ce24", "name": "5462afbf164b15c762bdf83fc9c8ce24", "metadata": "5462afbf164b15c762bdf83fc9c8ce24"}, "153": {"filename": "7bd6ab8d8105b77862b9817d5cd33a5b_0", "name": "7bd6ab8d8105b77862b9817d5cd33a5b", "metadata": "7bd6ab8d8105b77862b9817d5cd33a5b"}, "154": {"filename": "785cc2624afdc19757dfeac069827583", "name": "785cc2624afdc19757dfeac069827583", "metadata": "785cc2624afdc19757dfeac069827583"}, "155": {"filename": "1367fd7ad7d28df47f2243fe1d01340b", "name": "1367fd7ad7d28df47f2243fe1d01340b", "metadata": "1367fd7ad7d28df47f2243fe1d01340b"}, "156": {"filename": "dfc1fe8369673565f45f7a49f63790c7", "name": "dfc1fe8369673565f45f7a49f63790c7", "metadata": "dfc1fe8369673565f45f7a49f63790c7"}, "157": {"filename": "d51754570ebbead163c19c4a13705b1a", "name": "d51754570ebbead163c19c4a13705b1a", "metadata": "d51754570ebbead163c19c4a13705b1a"}, "158": {"filename": "8244422d8aa621abec8a8ddb8e6b9bec", "name": "8244422d8aa621abec8a8ddb8e6b9bec", "metadata": "8244422d8aa621abec8a8ddb8e6b9bec"}, "159": {"filename": "89c37f35db546384a3d93e3a312a8e54", "name": "89c37f35db546384a3d93e3a312a8e54", "metadata": "89c37f35db546384a3d93e3a312a8e54"}, "160": {"filename": "057a06a1103dfa3ce6e2c0775d734b37", "name": "057a06a1103dfa3ce6e2c0775d734b37", "metadata": "057a06a1103dfa3ce6e2c0775d734b37"}, "161": {"filename": "d3be766fd27ba8faec266d793b3b30db", "name": "d3be766fd27ba8faec266d793b3b30db", "metadata": "d3be766fd27ba8faec266d793b3b30db"}, "162": {"filename": "b67dc1fab480f83820451c464d2d0388", "name": "b67dc1fab480f83820451c464d2d0388", "metadata": "b67dc1fab480f83820451c464d2d0388"}, "163": {"filename": "aa28e2d76f1eecae31ebe2455e5bac38_0", "name": "aa28e2d76f1eecae31ebe2455e5bac38", "metadata": "aa28e2d76f1eecae31ebe2455e5bac38"}, "164": {"filename": "4e1dfae9fbe914c348cffa9dbae27d88", "name": "4e1dfae9fbe914c348cffa9dbae27d88", "metadata": "4e1dfae9fbe914c348cffa9dbae27d88"}, "165": {"filename": "dc85da6a9f9ba538ef94d8875ef67399", "name": "dc85da6a9f9ba538ef94d8875ef67399", "metadata": "dc85da6a9f9ba538ef94d8875ef67399"}, "166": {"filename": "4e1dfae9fbe914c348cffa9dbae27d88_0", "name": "4e1dfae9fbe914c348cffa9dbae27d88", "metadata": "4e1dfae9fbe914c348cffa9dbae27d88"}, "167": {"filename": "a9b537b32ba300605758bef252734d0e", "name": "a9b537b32ba300605758bef252734d0e", "metadata": "a9b537b32ba300605758bef252734d0e"}, "168": {"filename": "05c9e9cfb83505ecfe331461a14c9e63", "name": "05c9e9cfb83505ecfe331461a14c9e63", "metadata": "05c9e9cfb83505ecfe331461a14c9e63"}, "169": {"filename": "13eb71cc223a6766814cbb074b208dce", "name": "13eb71cc223a6766814cbb074b208dce", "metadata": "13eb71cc223a6766814cbb074b208dce"}, "170": {"filename": "05c9e9cfb83505ecfe331461a14c9e63_0", "name": "05c9e9cfb83505ecfe331461a14c9e63", "metadata": "05c9e9cfb83505ecfe331461a14c9e63"}, "171": {"filename": "f2804dc81a193fb8e264a3cb25d52077_1", "name": "f2804dc81a193fb8e264a3cb25d52077", "metadata": "f2804dc81a193fb8e264a3cb25d52077"}, "172": {"filename": "defdbbd522f3ec07b47b8c681841a8e6", "name": "defdbbd522f3ec07b47b8c681841a8e6", "metadata": "defdbbd522f3ec07b47b8c681841a8e6"}, "173": {"filename": "feff339692fd5bf6ec73ac7d13285ca0_1", "name": "feff339692fd5bf6ec73ac7d13285ca0", "metadata": "feff339692fd5bf6ec73ac7d13285ca0"}, "174": {"filename": "7bd6ab8d8105b77862b9817d5cd33a5b_1", "name": "7bd6ab8d8105b77862b9817d5cd33a5b", "metadata": "7bd6ab8d8105b77862b9817d5cd33a5b"}, "175": {"filename": "0a7ef63350c74527bb18a2d847eea698", "name": "0a7ef63350c74527bb18a2d847eea698", "metadata": "0a7ef63350c74527bb18a2d847eea698"}, "176": {"filename": "b9b6d92b5395d9ba6f7b6b4727e2ce8c", "name": "b9b6d92b5395d9ba6f7b6b4727e2ce8c", "metadata": "b9b6d92b5395d9ba6f7b6b4727e2ce8c"}, "177": {"filename": "feff339692fd5bf6ec73ac7d13285ca0_2", "name": "feff339692fd5bf6ec73ac7d13285ca0", "metadata": "feff339692fd5bf6ec73ac7d13285ca0"}, "178": {"filename": "1f9060966df6cd75a49109a5cd2f24d4", "name": "1f9060966df6cd75a49109a5cd2f24d4", "metadata": "1f9060966df6cd75a49109a5cd2f24d4"}, "179": {"filename": "f0668b1ee03b1ad59b79200b55d5ea67", "name": "f0668b1ee03b1ad59b79200b55d5ea67", "metadata": "f0668b1ee03b1ad59b79200b55d5ea67"}, "180": {"filename": "2e400ef26b0043ceb2a6af46e1d02d6a", "name": "2e400ef26b0043ceb2a6af46e1d02d6a", "metadata": "2e400ef26b0043ceb2a6af46e1d02d6a"}, "181": {"filename": "feff339692fd5bf6ec73ac7d13285ca0_3", "name": "feff339692fd5bf6ec73ac7d13285ca0", "metadata": "feff339692fd5bf6ec73ac7d13285ca0"}, "182": {"filename": "7878c7973fabcb90a8532c1bb93b9999", "name": "7878c7973fabcb90a8532c1bb93b9999", "metadata": "7878c7973fabcb90a8532c1bb93b9999"}, "183": {"filename": "fb913e38f5612a847e19623ca3ce70d6", "name": "fb913e38f5612a847e19623ca3ce70d6", "metadata": "fb913e38f5612a847e19623ca3ce70d6"}, "184": {"filename": "9f73a90103c31bfa6de14c4fe19b58be", "name": "9f73a90103c31bfa6de14c4fe19b58be", "metadata": "9f73a90103c31bfa6de14c4fe19b58be"}, "185": {"filename": "13f4066814d2b74fca963d5b55c7919c", "name": "13f4066814d2b74fca963d5b55c7919c", "metadata": "13f4066814d2b74fca963d5b55c7919c"}, "186": {"filename": "9f73a90103c31bfa6de14c4fe19b58be_0", "name": "9f73a90103c31bfa6de14c4fe19b58be", "metadata": "9f73a90103c31bfa6de14c4fe19b58be"}, "187": {"filename": "4b8d384a1b0bb824a8a6f989aa15aee2", "name": "4b8d384a1b0bb824a8a6f989aa15aee2", "metadata": "4b8d384a1b0bb824a8a6f989aa15aee2"}, "188": {"filename": "9f73a90103c31bfa6de14c4fe19b58be_1", "name": "9f73a90103c31bfa6de14c4fe19b58be", "metadata": "9f73a90103c31bfa6de14c4fe19b58be"}, "189": {"filename": "50b13bc66864505ee39516c3c4da864b", "name": "50b13bc66864505ee39516c3c4da864b", "metadata": "50b13bc66864505ee39516c3c4da864b"}, "190": {"filename": "3f8fa133a7527362d71b02f6106eed07", "name": "3f8fa133a7527362d71b02f6106eed07", "metadata": "3f8fa133a7527362d71b02f6106eed07"}, "191": {"filename": "909948e56d7ee484888883a4cadf17f5", "name": "909948e56d7ee484888883a4cadf17f5", "metadata": "909948e56d7ee484888883a4cadf17f5"}, "192": {"filename": "3f8fa133a7527362d71b02f6106eed07_0", "name": "3f8fa133a7527362d71b02f6106eed07", "metadata": "3f8fa133a7527362d71b02f6106eed07"}, "193": {"filename": "32cbb8f472d9d5518552acae903574b2", "name": "32cbb8f472d9d5518552acae903574b2", "metadata": "32cbb8f472d9d5518552acae903574b2"}, "194": {"filename": "39434d25f32588ba54f01c019c1c7345", "name": "39434d25f32588ba54f01c019c1c7345", "metadata": "39434d25f32588ba54f01c019c1c7345"}, "195": {"filename": "49587e12854dd279765697497c15571f", "name": "49587e12854dd279765697497c15571f", "metadata": "49587e12854dd279765697497c15571f"}, "196": {"filename": "9ffc07a9af8bb2cf14b4b9d694219063", "name": "9ffc07a9af8bb2cf14b4b9d694219063", "metadata": "9ffc07a9af8bb2cf14b4b9d694219063"}, "197": {"filename": "e78384fa813dec04caa61687fa24a9bd", "name": "e78384fa813dec04caa61687fa24a9bd", "metadata": "e78384fa813dec04caa61687fa24a9bd"}, "198": {"filename": "feff339692fd5bf6ec73ac7d13285ca0_4", "name": "feff339692fd5bf6ec73ac7d13285ca0", "metadata": "feff339692fd5bf6ec73ac7d13285ca0"}, "199": {"filename": "feff339692fd5bf6ec73ac7d13285ca0_5", "name": "feff339692fd5bf6ec73ac7d13285ca0", "metadata": "feff339692fd5bf6ec73ac7d13285ca0"}, "200": {"filename": "d51754570ebbead163c19c4a13705b1a_0", "name": "d51754570ebbead163c19c4a13705b1a", "metadata": "d51754570ebbead163c19c4a13705b1a"}, "201": {"filename": "13eb71cc223a6766814cbb074b208dce_0", "name": "13eb71cc223a6766814cbb074b208dce", "metadata": "13eb71cc223a6766814cbb074b208dce"}, "202": {"filename": "1f633c87f9cde85524d0dfe982ad0337", "name": "1f633c87f9cde85524d0dfe982ad0337", "metadata": "1f633c87f9cde85524d0dfe982ad0337"}, "203": {"filename": "9364d9383cf0426239eb5dace4a3760c", "name": "9364d9383cf0426239eb5dace4a3760c", "metadata": "9364d9383cf0426239eb5dace4a3760c"}, "204": {"filename": "dee8ef8a39b0003c99c8df351f84f412", "name": "dee8ef8a39b0003c99c8df351f84f412", "metadata": "dee8ef8a39b0003c99c8df351f84f412"}, "205": {"filename": "13eb71cc223a6766814cbb074b208dce_1", "name": "13eb71cc223a6766814cbb074b208dce", "metadata": "13eb71cc223a6766814cbb074b208dce"}, "206": {"filename": "652788daeeab67c86504a250c237c149", "name": "652788daeeab67c86504a250c237c149", "metadata": "652788daeeab67c86504a250c237c149"}, "207": {"filename": "7c87e6287f498cdaf74e42e255d12290", "name": "7c87e6287f498cdaf74e42e255d12290", "metadata": "7c87e6287f498cdaf74e42e255d12290"}, "208": {"filename": "2f2afd7031da4148a865b067e66a66e9", "name": "2f2afd7031da4148a865b067e66a66e9", "metadata": "2f2afd7031da4148a865b067e66a66e9"}, "209": {"filename": "4c4555c0dd0e0f973c092cea3f949ce0", "name": "4c4555c0dd0e0f973c092cea3f949ce0", "metadata": "4c4555c0dd0e0f973c092cea3f949ce0"}, "210": {"filename": "79b27f3fb629ab51eed5c26094a069ba", "name": "79b27f3fb629ab51eed5c26094a069ba", "metadata": "79b27f3fb629ab51eed5c26094a069ba"}, "211": {"filename": "e1635557a7c64dc223f0aa54c1938aaa", "name": "e1635557a7c64dc223f0aa54c1938aaa", "metadata": "e1635557a7c64dc223f0aa54c1938aaa"}, "212": {"filename": "79b27f3fb629ab51eed5c26094a069ba_0", "name": "79b27f3fb629ab51eed5c26094a069ba", "metadata": "79b27f3fb629ab51eed5c26094a069ba"}, "213": {"filename": "2747706c96afe49f40ebe1dbb5f6a9a7", "name": "2747706c96afe49f40ebe1dbb5f6a9a7", "metadata": "2747706c96afe49f40ebe1dbb5f6a9a7"}, "214": {"filename": "7ac47014939b741840345ddf44633c84", "name": "7ac47014939b741840345ddf44633c84", "metadata": "7ac47014939b741840345ddf44633c84"}, "215": {"filename": "13eb71cc223a6766814cbb074b208dce_2", "name": "13eb71cc223a6766814cbb074b208dce", "metadata": "13eb71cc223a6766814cbb074b208dce"}, "216": {"filename": "d51754570ebbead163c19c4a13705b1a_1", "name": "d51754570ebbead163c19c4a13705b1a", "metadata": "d51754570ebbead163c19c4a13705b1a"}, "217": {"filename": "39988786cec538c9bba93a06c34bb354", "name": "39988786cec538c9bba93a06c34bb354", "metadata": "39988786cec538c9bba93a06c34bb354"}, "218": {"filename": "6718ee55597a62a172f2849209348afa", "name": "6718ee55597a62a172f2849209348afa", "metadata": "6718ee55597a62a172f2849209348afa"}, "219": {"filename": "35640cce46a2e5d383cf0f814ab43d2c", "name": "35640cce46a2e5d383cf0f814ab43d2c", "metadata": "35640cce46a2e5d383cf0f814ab43d2c"}, "220": {"filename": "78e82ffd757b8d1e0ed90f7b8ca6902a", "name": "78e82ffd757b8d1e0ed90f7b8ca6902a", "metadata": "78e82ffd757b8d1e0ed90f7b8ca6902a"}, "221": {"filename": "6f055a4bf389782023786b45ba429490", "name": "6f055a4bf389782023786b45ba429490", "metadata": "6f055a4bf389782023786b45ba429490"}, "222": {"filename": "388b387a2716757b1bee1bb00163e3c9", "name": "388b387a2716757b1bee1bb00163e3c9", "metadata": "388b387a2716757b1bee1bb00163e3c9"}, "223": {"filename": "11a8cdc5e3fb38bee709ed1778d24144", "name": "11a8cdc5e3fb38bee709ed1778d24144", "metadata": "11a8cdc5e3fb38bee709ed1778d24144"}, "224": {"filename": "13f4066814d2b74fca963d5b55c7919c_0", "name": "13f4066814d2b74fca963d5b55c7919c", "metadata": "13f4066814d2b74fca963d5b55c7919c"}}, "manifest_path": ".sbt.sourmash-rename-headers-db.zip/sourmash-rename-headers-db.zip.manifest.csv"}