# SOURMASH-MANIFEST-VERSION: 1.0
internal_location,md5,md5short,ksize,moltype,num,scaled,n_hashes,with_abundance,name,filename
d117dc86fcdf41b1baab31358f18a98a,d117dc86fcdf41b1baab31358f18a98a,d117dc86,31,DNA,0,1000,1008,0,"P-UA__F__F/11-961 Chlamydia trachomatis F/11-96, complete sequence",/home/pshar31/ANI_comparisons/CT_subset_removing_in_vitro_Strains/renamed_only_chromosome/GCF_000590635.1_ASM59063v1_genomic.fna
3e9d76eacfcef2382634554445474c9c,3e9d76eacfcef2382634554445474c9c,3e9d76ea,31,DNA,0,1000,986,0,"LGV__L2c__L2c1 Chlamydia trachomatis L2c, complete sequence",/home/pshar31/ANI_comparisons/CT_subset_removing_in_vitro_Strains/renamed_only_chromosome/GCF_000220105.1_ASM22010v1_genomic.fna
d110f8f3ab1df2d99596d374988f0752,d110f8f3ab1df2d99596d374988f0752,d110f8f3,31,DNA,0,1000,994,0,"P-UA__E__E/12-941 Chlamydia trachomatis, complete sequence",/home/pshar31/ANI_comparisons/CT_subset_removing_in_vitro_Strains/renamed_only_chromosome/GCF_000590655.1_ASM59065v1_genomic.fna
f2804dc81a193fb8e264a3cb25d52077,f2804dc81a193fb8e264a3cb25d52077,f2804dc8,31,DNA,0,1000,1008,0,"NP-UA__D__D-EC1 Chlamydia trachomatis D-EC, complete sequence",/home/pshar31/ANI_comparisons/CT_subset_removing_in_vitro_Strains/renamed_only_chromosome/GCF_000092485.1_ASM9248v1_genomic.fna
806dd7f91593e607e2e75048cdf5f00f,806dd7f91593e607e2e75048cdf5f00f,806dd7f9,31,DNA,0,1000,1005,0,"P-UA__D__D/13-961 Chlamydia trachomatis, complete sequence",/home/pshar31/ANI_comparisons/CT_subset_removing_in_vitro_Strains/renamed_only_chromosome/GCF_000590675.1_ASM59067v1_genomic.fna
4c813a05a569f20ba89b476a2d778100,4c813a05a569f20ba89b476a2d778100,4c813a05,31,DNA,0,1000,993,0,"Ocular__A__A24971 Chlamydia trachomatis A2497, complete sequence",/home/pshar31/ANI_comparisons/CT_subset_removing_in_vitro_Strains/renamed_only_chromosome/GCF_000226605.1_ASM22660v1_genomic.fna
c6065073228632f1adb5ab5963eab2fd,c6065073228632f1adb5ab5963eab2fd,c6065073,31,DNA,0,1000,1004,0,"NP-UA__D__D/14-961 Chlamydia trachomatis, complete sequence",/home/pshar31/ANI_comparisons/CT_subset_removing_in_vitro_Strains/renamed_only_chromosome/GCF_000590695.1_ASM59069v1_genomic.fna
7ca2dad26396b20b1783d7fe6aa1e7ec,7ca2dad26396b20b1783d7fe6aa1e7ec,7ca2dad2,31,DNA,0,1000,1008,0,P-UA__F__F_ref1,/home/pshar31/ANI_comparisons/CT_subset_removing_in_vitro_Strains/renamed_only_chromosome/F_ref.fna
5383eaa5bb140360eb95653c60b5aa22,5383eaa5bb140360eb95653c60b5aa22,5383eaa5,31,DNA,0,1000,1001,0,"NP-UA__Ia__Ia20-971 Chlamydia trachomatis, complete sequence",/home/pshar31/ANI_comparisons/CT_subset_removing_in_vitro_Strains/renamed_only_chromosome/GCF_000590715.1_ASM59071v1_genomic.fna
07c4600773330b72efaeaaed96fc19ac,07c4600773330b72efaeaaed96fc19ac,07c46007,31,DNA,0,1000,1013,0,"P-UA__E__E/SW31 Chlamydia trachomatis E/SW3 chromosome I, complete sequence",/home/pshar31/ANI_comparisons/CT_subset_removing_in_vitro_Strains/renamed_only_chromosome/GCF_000304495.1_Cm_ESW3_genomic.fna
f0cc90caed7f5f8adc4dd955ecea9541,f0cc90caed7f5f8adc4dd955ecea9541,f0cc90ca,31,DNA,0,1000,1014,0,"P-UA__J__J/27-971 Chlamydia trachomatis, complete sequence",/home/pshar31/ANI_comparisons/CT_subset_removing_in_vitro_Strains/renamed_only_chromosome/GCF_000590735.1_ASM59073v1_genomic.fna
53fb4f91c627110a6d11b8de12e52af7,53fb4f91c627110a6d11b8de12e52af7,53fb4f91,31,DNA,0,1000,1010,0,"P-UA__E__E/1501 Chlamydia trachomatis E/150, complete sequence",/home/pshar31/ANI_comparisons/CT_subset_removing_in_vitro_Strains/renamed_only_chromosome/GCF_000092665.1_ASM9266v1_genomic.fna
3f53422161fd8be0e992f125c95213a3,3f53422161fd8be0e992f125c95213a3,3f534221,31,DNA,0,1000,995,0,"NP-UA__J__J/31-981 Chlamydia trachomatis, complete sequence",/home/pshar31/ANI_comparisons/CT_subset_removing_in_vitro_Strains/renamed_only_chromosome/GCF_000590755.1_ASM59075v1_genomic.fna
4b6b0b77100596646b11d4f418ad6e73,4b6b0b77100596646b11d4f418ad6e73,4b6b0b77,31,DNA,0,1000,1008,0,"P-UA__F__F/SW41 Chlamydia trachomatis F/SW4 chromosome I, complete sequence",/home/pshar31/ANI_comparisons/CT_subset_removing_in_vitro_Strains/renamed_only_chromosome/GCF_000304515.1_Cm_FSW4_genomic.fna
0ef6c3f0db94c4f18c4abc00f8f2d804,0ef6c3f0db94c4f18c4abc00f8f2d804,0ef6c3f0,31,DNA,0,1000,1011,0,"P-UA__E__E/C5991 Chlamydia trachomatis E/C599, complete sequence",/home/pshar31/ANI_comparisons/CT_subset_removing_in_vitro_Strains/renamed_only_chromosome/GCF_000969785.1_ASM96978v1_genomic.fna
77f9a938545610513ca2a48652cae353,77f9a938545610513ca2a48652cae353,77f9a938,31,DNA,0,1000,988,0,Ocular__A__A_ref1,/home/pshar31/ANI_comparisons/CT_subset_removing_in_vitro_Strains/renamed_only_chromosome/A_ref.fna
20184885d025e4a5ab6bbe8880abd46e,20184885d025e4a5ab6bbe8880abd46e,20184885,31,DNA,0,1000,1007,0,"P-UA__F__F/SWFPminus1 Chlamydia trachomatis F/SWFPminus, complete sequence",/home/pshar31/ANI_comparisons/CT_subset_removing_in_vitro_Strains/renamed_only_chromosome/GCF_000969805.1_ASM96980v1_genomic.fna
29e5659dec3f5d1115c4af462c492b21,29e5659dec3f5d1115c4af462c492b21,29e5659d,31,DNA,0,1000,1009,0,"P-UA__F__F/SW51 Chlamydia trachomatis F/SW5 chromosome I, complete sequence",/home/pshar31/ANI_comparisons/CT_subset_removing_in_vitro_Strains/renamed_only_chromosome/GCF_000304535.1_Cm_FSW5_genomic.fna
feff339692fd5bf6ec73ac7d13285ca0,feff339692fd5bf6ec73ac7d13285ca0,feff3396,31,DNA,0,1000,987,0,"LGV__L2b__L2b/CS19/081 Chlamydia trachomatis strain L2b/CS19/08 chromosome, complete genome",/home/pshar31/ANI_comparisons/CT_subset_removing_in_vitro_Strains/renamed_only_chromosome/GCF_000971705.1_ASM97170v1_genomic.fna
aa28e2d76f1eecae31ebe2455e5bac38,aa28e2d76f1eecae31ebe2455e5bac38,aa28e2d7,31,DNA,0,1000,999,0,"NP-UA__G__G/97681 Chlamydia trachomatis G/9768, complete sequence",/home/pshar31/ANI_comparisons/CT_subset_removing_in_vitro_Strains/renamed_only_chromosome/GCF_000092685.1_ASM9268v1_genomic.fna
feff339692fd5bf6ec73ac7d13285ca0_0,feff339692fd5bf6ec73ac7d13285ca0,feff3396,31,DNA,0,1000,987,0,"LGV__L2b__L2b/CS784/081 Chlamydia trachomatis strain L2b/CS784/08 chromosome, complete genome",/home/pshar31/ANI_comparisons/CT_subset_removing_in_vitro_Strains/renamed_only_chromosome/GCF_000971725.1_ASM97172v1_genomic.fna
77b2417cadae2aa1dcc41283214ba291,77b2417cadae2aa1dcc41283214ba291,77b2417c,31,DNA,0,1000,992,0,"Ocular__A__A/3631 Chlamydia trachomatis A/363, complete sequence",/home/pshar31/ANI_comparisons/CT_subset_removing_in_vitro_Strains/renamed_only_chromosome/GCF_000318525.1_ASM31852v2_genomic.fna
00f234f8e5196198dbc55f76926e1ad6,00f234f8e5196198dbc55f76926e1ad6,00f234f8,31,DNA,0,1000,1006,0,"NP-UA__D__D/CS637/111 Chlamydia trachomatis D/CS637/11 chromosome, complete genome",/home/pshar31/ANI_comparisons/CT_subset_removing_in_vitro_Strains/renamed_only_chromosome/GCF_001183765.1_ASM118376v1_genomic.fna
f2804dc81a193fb8e264a3cb25d52077_0,f2804dc81a193fb8e264a3cb25d52077,f2804dc8,31,DNA,0,1000,1008,0,"NP-UA__D__D/UW-3/CX1 Chlamydia trachomatis D/UW-3/CX chromosome, complete genome",/home/pshar31/ANI_comparisons/CT_subset_removing_in_vitro_Strains/renamed_only_chromosome/GCF_000008725.1_ASM872v1_genomic.fna
1889efa37827ec82d6610ef0faaec277,1889efa37827ec82d6610ef0faaec277,1889efa3,31,DNA,0,1000,1004,0,"P-UA__E__E/CS1025/111 Chlamydia trachomatis strain E/CS1025/11 chromosome, complete genome",/home/pshar31/ANI_comparisons/CT_subset_removing_in_vitro_Strains/renamed_only_chromosome/GCF_001183805.1_ASM118380v1_genomic.fna
77b2417cadae2aa1dcc41283214ba291_0,77b2417cadae2aa1dcc41283214ba291,77b2417c,31,DNA,0,1000,992,0,"Ocular__A__A/72491 Chlamydia trachomatis A/7249, complete sequence",/home/pshar31/ANI_comparisons/CT_subset_removing_in_vitro_Strains/renamed_only_chromosome/GCF_000318565.1_ASM31856v1_genomic.fna
5ce2439cfe29c0ef9816a353b67cfa41,5ce2439cfe29c0ef9816a353b67cfa41,5ce2439c,31,DNA,0,1000,1012,0,"P-UA__F__F/CS847/081 Chlamydia trachomatis strain F/CS847/08 chromosome, complete genome",/home/pshar31/ANI_comparisons/CT_subset_removing_in_vitro_Strains/renamed_only_chromosome/GCF_001183825.1_ASM118382v1_genomic.fna
e693a6f694bd6bfeb3c344efdeeadb0e,e693a6f694bd6bfeb3c344efdeeadb0e,e693a6f6,31,DNA,0,1000,996,0,"NP-UA__G__G/112221 Chlamydia trachomatis G/11222, complete sequence",/home/pshar31/ANI_comparisons/CT_subset_removing_in_vitro_Strains/renamed_only_chromosome/GCF_000092705.1_ASM9270v1_genomic.fna
456153fa8bc43a3b0855469d27b0c8d2,456153fa8bc43a3b0855469d27b0c8d2,456153fa,31,DNA,0,1000,1007,0,"NP-UA__Ia__Ia/CS190/961 Chlamydia trachomatis strain Ia/CS190/96 chromosome, complete genome",/home/pshar31/ANI_comparisons/CT_subset_removing_in_vitro_Strains/renamed_only_chromosome/GCF_001183845.1_ASM118384v1_genomic.fna
26e79d2b0cb67820ff15328c4c90ef0a,26e79d2b0cb67820ff15328c4c90ef0a,26e79d2b,31,DNA,0,1000,1004,0,"P-UA__E__E/Bour1 Chlamydia trachomatis E/Bour, complete sequence",/home/pshar31/ANI_comparisons/CT_subset_removing_in_vitro_Strains/renamed_only_chromosome/GCF_000318645.1_ASM31864v1_genomic.fna
c66afb38bb20a9c3ee16d258d33cdb48,c66afb38bb20a9c3ee16d258d33cdb48,c66afb38,31,DNA,0,1000,1005,0,"P-UA__E__E-1031 Chlamydia trachomatis strain E-103 chromosome, complete genome",/home/pshar31/ANI_comparisons/CT_subset_removing_in_vitro_Strains/renamed_only_chromosome/GCF_001655335.1_ASM165533v1_genomic.fna
2e9cabe55d43e84ffe8b835b0752fc50,2e9cabe55d43e84ffe8b835b0752fc50,2e9cabe5,31,DNA,0,1000,1022,0,P-UA__Da__Da_ref1,/home/pshar31/ANI_comparisons/CT_subset_removing_in_vitro_Strains/renamed_only_chromosome/Da_ref.fna
d104c4617bbe87c550909f71b1f25423,d104c4617bbe87c550909f71b1f25423,d104c461,31,DNA,0,1000,1011,0,"P-UA__E__E-1601 Chlamydia trachomatis strain E-160 chromosome, complete genome",/home/pshar31/ANI_comparisons/CT_subset_removing_in_vitro_Strains/renamed_only_chromosome/GCF_001655375.1_ASM165537v1_genomic.fna
b9a046810bc285473a79364ae4fa9ccc,b9a046810bc285473a79364ae4fa9ccc,b9a04681,31,DNA,0,1000,1009,0,"P-UA__E__E/SotonE41 Chlamydia trachomatis E/SotonE4, complete sequence",/home/pshar31/ANI_comparisons/CT_subset_removing_in_vitro_Strains/renamed_only_chromosome/GCF_000318665.1_ASM31866v1_genomic.fna
d104c4617bbe87c550909f71b1f25423_0,d104c4617bbe87c550909f71b1f25423,d104c461,31,DNA,0,1000,1011,0,"P-UA__E__E-5471 Chlamydia trachomatis strain E-547 chromosome, complete genome",/home/pshar31/ANI_comparisons/CT_subset_removing_in_vitro_Strains/renamed_only_chromosome/GCF_001655415.1_ASM165541v1_genomic.fna
b6c260ce34e02d5ae143d10b8250593a,b6c260ce34e02d5ae143d10b8250593a,b6c260ce,31,DNA,0,1000,1000,0,"NP-UA__G__G/110741 Chlamydia trachomatis G/11074, complete sequence",/home/pshar31/ANI_comparisons/CT_subset_removing_in_vitro_Strains/renamed_only_chromosome/GCF_000092725.1_ASM9272v1_genomic.fna
8bf84ec731a7270a1be787a3e09869ed,8bf84ec731a7270a1be787a3e09869ed,8bf84ec7,31,DNA,0,1000,1011,0,"P-UA__E__E-88731 Chlamydia trachomatis strain E-8873 chromosome, complete genome",/home/pshar31/ANI_comparisons/CT_subset_removing_in_vitro_Strains/renamed_only_chromosome/GCF_001655455.1_ASM165545v1_genomic.fna
7bd6ab8d8105b77862b9817d5cd33a5b,7bd6ab8d8105b77862b9817d5cd33a5b,7bd6ab8d,31,DNA,0,1000,1005,0,"NP-UA__Ia__Ia/SotonIa11 Chlamydia trachomatis Ia/SotonIa1, complete sequence",/home/pshar31/ANI_comparisons/CT_subset_removing_in_vitro_Strains/renamed_only_chromosome/GCF_000318765.1_ASM31876v1_genomic.fna
5ec02f599988d5d11df725c96e9cfbf4,5ec02f599988d5d11df725c96e9cfbf4,5ec02f59,31,DNA,0,1000,1016,0,"P-UA__E__E-329311 Chlamydia trachomatis strain E-32931 chromosome, complete genome",/home/pshar31/ANI_comparisons/CT_subset_removing_in_vitro_Strains/renamed_only_chromosome/GCF_001655495.1_ASM165549v1_genomic.fna
d688d1ec3362d9a1797250d45e7d2674,d688d1ec3362d9a1797250d45e7d2674,d688d1ec,31,DNA,0,1000,989,0,"Ocular__A__A/HAR-131 Chlamydia trachomatis A/HAR-13, complete sequence",/home/pshar31/ANI_comparisons/CT_subset_removing_in_vitro_Strains/renamed_only_chromosome/GCF_000012125.1_ASM1212v1_genomic.fna
5462afbf164b15c762bdf83fc9c8ce24,5462afbf164b15c762bdf83fc9c8ce24,5462afbf,31,DNA,0,1000,1010,0,"P-UA__E__E-DK-201 Chlamydia trachomatis strain E-DK-20 chromosome, complete genome",/home/pshar31/ANI_comparisons/CT_subset_removing_in_vitro_Strains/renamed_only_chromosome/GCF_001655535.1_ASM165553v1_genomic.fna
7bd6ab8d8105b77862b9817d5cd33a5b_0,7bd6ab8d8105b77862b9817d5cd33a5b,7bd6ab8d,31,DNA,0,1000,1005,0,"NP-UA__Ia__Ia/SotonIa31 Chlamydia trachomatis Ia/SotonIa3, complete sequence",/home/pshar31/ANI_comparisons/CT_subset_removing_in_vitro_Strains/renamed_only_chromosome/GCF_000318785.1_ASM31878v1_genomic.fna
785cc2624afdc19757dfeac069827583,785cc2624afdc19757dfeac069827583,785cc262,31,DNA,0,1000,1010,0,"P-UA__F__F-60681 Chlamydia trachomatis strain F-6068 chromosome, complete genome",/home/pshar31/ANI_comparisons/CT_subset_removing_in_vitro_Strains/renamed_only_chromosome/GCF_001655575.1_ASM165557v1_genomic.fna
1367fd7ad7d28df47f2243fe1d01340b,1367fd7ad7d28df47f2243fe1d01340b,1367fd7a,31,DNA,0,1000,1004,0,"P-UA__E__E/110231 Chlamydia trachomatis E/11023, complete sequence",/home/pshar31/ANI_comparisons/CT_subset_removing_in_vitro_Strains/renamed_only_chromosome/GCF_000092745.1_ASM9274v1_genomic.fna
dfc1fe8369673565f45f7a49f63790c7,dfc1fe8369673565f45f7a49f63790c7,dfc1fe83,31,DNA,0,1000,1001,0,Ocular____SB0069301 Chlamydia trachomatis strain SB006930 chromosome,/home/pshar31/ANI_comparisons/CT_subset_removing_in_vitro_Strains/renamed_only_chromosome/GCF_001729845.1_ASM172984v1_genomic.fna
d51754570ebbead163c19c4a13705b1a,d51754570ebbead163c19c4a13705b1a,d5175457,31,DNA,0,1000,978,0,"LGV__L1__L1/440/LN1 Chlamydia trachomatis L1/440/LN, complete sequence",/home/pshar31/ANI_comparisons/CT_subset_removing_in_vitro_Strains/renamed_only_chromosome/GCF_000318825.1_ASM31882v1_genomic.fna
8244422d8aa621abec8a8ddb8e6b9bec,8244422d8aa621abec8a8ddb8e6b9bec,8244422d,31,DNA,0,1000,976,0,Ocular____SB0081071 Chlamydia trachomatis strain SB008107 chromosome,/home/pshar31/ANI_comparisons/CT_subset_removing_in_vitro_Strains/renamed_only_chromosome/GCF_001729865.1_ASM172986v1_genomic.fna
89c37f35db546384a3d93e3a312a8e54,89c37f35db546384a3d93e3a312a8e54,89c37f35,31,DNA,0,1000,998,0,Ocular__B__B_ref1,/home/pshar31/ANI_comparisons/CT_subset_removing_in_vitro_Strains/renamed_only_chromosome/B_ref.fna
057a06a1103dfa3ce6e2c0775d734b37,057a06a1103dfa3ce6e2c0775d734b37,057a06a1,31,DNA,0,1000,999,0,Ocular____SB0131121 Chlamydia trachomatis strain SB013112 chromosome,/home/pshar31/ANI_comparisons/CT_subset_removing_in_vitro_Strains/renamed_only_chromosome/GCF_001729885.1_ASM172988v1_genomic.fna
d3be766fd27ba8faec266d793b3b30db,d3be766fd27ba8faec266d793b3b30db,d3be766f,31,DNA,0,1000,993,0,"LGV__L1__L1/1151 Chlamydia trachomatis L1/115, complete sequence",/home/pshar31/ANI_comparisons/CT_subset_removing_in_vitro_Strains/renamed_only_chromosome/GCF_000318845.1_ASM31884v1_genomic.fna
b67dc1fab480f83820451c464d2d0388,b67dc1fab480f83820451c464d2d0388,b67dc1fa,31,DNA,0,1000,997,0,Ocular____SB0133211 Chlamydia trachomatis strain SB013321 chromosome,/home/pshar31/ANI_comparisons/CT_subset_removing_in_vitro_Strains/renamed_only_chromosome/GCF_001729905.1_ASM172990v1_genomic.fna
aa28e2d76f1eecae31ebe2455e5bac38_0,aa28e2d76f1eecae31ebe2455e5bac38,aa28e2d7,31,DNA,0,1000,999,0,"NP-UA__G__G/93011 Chlamydia trachomatis G/9301, complete sequence",/home/pshar31/ANI_comparisons/CT_subset_removing_in_vitro_Strains/renamed_only_chromosome/GCF_000092805.1_ASM9280v1_genomic.fna
4e1dfae9fbe914c348cffa9dbae27d88,4e1dfae9fbe914c348cffa9dbae27d88,4e1dfae9,31,DNA,0,1000,1004,0,"P-UA__G__SQ321 Chlamydia trachomatis strain SQ32 chromosome, complete genome",/home/pshar31/ANI_comparisons/CT_subset_removing_in_vitro_Strains/renamed_only_chromosome/GCF_002776745.1_ASM277674v1_genomic.fna
dc85da6a9f9ba538ef94d8875ef67399,dc85da6a9f9ba538ef94d8875ef67399,dc85da6a,31,DNA,0,1000,992,0,"LGV__L1__L1/2241 Chlamydia trachomatis L1/224, complete sequence",/home/pshar31/ANI_comparisons/CT_subset_removing_in_vitro_Strains/renamed_only_chromosome/GCF_000318865.1_ASM31886v1_genomic.fna
4e1dfae9fbe914c348cffa9dbae27d88_0,4e1dfae9fbe914c348cffa9dbae27d88,4e1dfae9,31,DNA,0,1000,1004,0,"P-UA__G__SQ291 Chlamydia trachomatis strain SQ29 chromosome, complete genome",/home/pshar31/ANI_comparisons/CT_subset_removing_in_vitro_Strains/renamed_only_chromosome/GCF_002776795.1_ASM277679v1_genomic.fna
a9b537b32ba300605758bef252734d0e,a9b537b32ba300605758bef252734d0e,a9b537b3,31,DNA,0,1000,997,0,"Ocular__B__B/TZ1A828/OT1 Chlamydia trachomatis B/TZ1A828/OT, complete sequence",/home/pshar31/ANI_comparisons/CT_subset_removing_in_vitro_Strains/renamed_only_chromosome/GCF_000026905.1_ASM2690v1_genomic.fna
05c9e9cfb83505ecfe331461a14c9e63,05c9e9cfb83505ecfe331461a14c9e63,05c9e9cf,31,DNA,0,1000,1004,0,"NP-UA__I1 Chlamydia trachomatis strain SQ20 chromosome, complete genome",/home/pshar31/ANI_comparisons/CT_subset_removing_in_vitro_Strains/renamed_only_chromosome/GCF_002776845.1_ASM277684v1_genomic.fna
13eb71cc223a6766814cbb074b208dce,13eb71cc223a6766814cbb074b208dce,13eb71cc,31,DNA,0,1000,988,0,"LGV__L2__L2/25667R1 Chlamydia trachomatis L2/25667R, complete sequence",/home/pshar31/ANI_comparisons/CT_subset_removing_in_vitro_Strains/renamed_only_chromosome/GCF_000318885.1_ASM31888v1_genomic.fna
05c9e9cfb83505ecfe331461a14c9e63_0,05c9e9cfb83505ecfe331461a14c9e63,05c9e9cf,31,DNA,0,1000,1004,0,"NP-UA__I1 Chlamydia trachomatis strain SQ24 chromosome, complete genome",/home/pshar31/ANI_comparisons/CT_subset_removing_in_vitro_Strains/renamed_only_chromosome/GCF_002776885.1_ASM277688v1_genomic.fna
f2804dc81a193fb8e264a3cb25d52077_1,f2804dc81a193fb8e264a3cb25d52077,f2804dc8,31,DNA,0,1000,1008,0,"NP-UA__D__D-LC1 Chlamydia trachomatis D-LC, complete sequence",/home/pshar31/ANI_comparisons/CT_subset_removing_in_vitro_Strains/renamed_only_chromosome/GCF_000093005.1_ASM9300v1_genomic.fna
defdbbd522f3ec07b47b8c681841a8e6,defdbbd522f3ec07b47b8c681841a8e6,defdbbd5,31,DNA,0,1000,1005,0,NP-UA__Ia__SQ061 Chlamydia trachomatis strain SQ06 chromosome,/home/pshar31/ANI_comparisons/CT_subset_removing_in_vitro_Strains/renamed_only_chromosome/GCF_002776915.1_ASM277691v1_genomic.fna
feff339692fd5bf6ec73ac7d13285ca0_1,feff339692fd5bf6ec73ac7d13285ca0,feff3396,31,DNA,0,1000,987,0,"LGV__L2b__L2b/8200/071 Chlamydia trachomatis L2b/8200/07, complete sequence",/home/pshar31/ANI_comparisons/CT_subset_removing_in_vitro_Strains/renamed_only_chromosome/GCF_000318905.1_ASM31890v1_genomic.fna
7bd6ab8d8105b77862b9817d5cd33a5b_1,7bd6ab8d8105b77862b9817d5cd33a5b,7bd6ab8d,31,DNA,0,1000,1005,0,NP-UA__Ia__SQ071 Chlamydia trachomatis strain SQ07 chromosome,/home/pshar31/ANI_comparisons/CT_subset_removing_in_vitro_Strains/renamed_only_chromosome/GCF_002776935.1_ASM277693v1_genomic.fna
0a7ef63350c74527bb18a2d847eea698,0a7ef63350c74527bb18a2d847eea698,0a7ef633,31,DNA,0,1000,1009,0,NP-UA__D__D_ref1,/home/pshar31/ANI_comparisons/CT_subset_removing_in_vitro_Strains/renamed_only_chromosome/D_ref.fna
b9b6d92b5395d9ba6f7b6b4727e2ce8c,b9b6d92b5395d9ba6f7b6b4727e2ce8c,b9b6d92b,31,DNA,0,1000,1007,0,"NP-UA__Ia__SQ091 Chlamydia trachomatis strain SQ09 chromosome, complete genome",/home/pshar31/ANI_comparisons/CT_subset_removing_in_vitro_Strains/renamed_only_chromosome/GCF_002776955.1_ASM277695v1_genomic.fna
feff339692fd5bf6ec73ac7d13285ca0_2,feff339692fd5bf6ec73ac7d13285ca0,feff3396,31,DNA,0,1000,987,0,"LGV__L2b__L2b/UCH-21 Chlamydia trachomatis L2b/UCH-2, complete sequence",/home/pshar31/ANI_comparisons/CT_subset_removing_in_vitro_Strains/renamed_only_chromosome/GCF_000318925.1_ASM31892v1_genomic.fna
1f9060966df6cd75a49109a5cd2f24d4,1f9060966df6cd75a49109a5cd2f24d4,1f906096,31,DNA,0,1000,1005,0,"NP-UA__Ia__SQ101 Chlamydia trachomatis strain SQ10 chromosome, complete genome",/home/pshar31/ANI_comparisons/CT_subset_removing_in_vitro_Strains/renamed_only_chromosome/GCF_002776975.1_ASM277697v1_genomic.fna
f0668b1ee03b1ad59b79200b55d5ea67,f0668b1ee03b1ad59b79200b55d5ea67,f0668b1e,31,DNA,0,1000,993,0,"NP-UA__J__62761 Chlamydia trachomatis 6276 chromosome, whole genome shotgun sequence",/home/pshar31/ANI_comparisons/CT_subset_removing_in_vitro_Strains/renamed_only_chromosome/GCF_000173475.1_ASM17347v1_genomic.fna
2e400ef26b0043ceb2a6af46e1d02d6a,2e400ef26b0043ceb2a6af46e1d02d6a,2e400ef2,31,DNA,0,1000,1005,0,"NP-UA__Ia__SQ121 Chlamydia trachomatis strain SQ12 chromosome, complete genome",/home/pshar31/ANI_comparisons/CT_subset_removing_in_vitro_Strains/renamed_only_chromosome/GCF_002776995.1_ASM277699v1_genomic.fna
feff339692fd5bf6ec73ac7d13285ca0_3,feff339692fd5bf6ec73ac7d13285ca0,feff3396,31,DNA,0,1000,987,0,"LGV__L2b__L2b/7951 Chlamydia trachomatis L2b/795, complete sequence",/home/pshar31/ANI_comparisons/CT_subset_removing_in_vitro_Strains/renamed_only_chromosome/GCF_000318985.1_ASM31898v1_genomic.fna
7878c7973fabcb90a8532c1bb93b9999,7878c7973fabcb90a8532c1bb93b9999,7878c797,31,DNA,0,1000,1005,0,"NP-UA__Ia__SQ141 Chlamydia trachomatis strain SQ14 chromosome, complete genome",/home/pshar31/ANI_comparisons/CT_subset_removing_in_vitro_Strains/renamed_only_chromosome/GCF_002777015.1_ASM277701v1_genomic.fna
fb913e38f5612a847e19623ca3ce70d6,fb913e38f5612a847e19623ca3ce70d6,fb913e38,31,DNA,0,1000,997,0,"Ocular__B__Jali201 Chlamydia trachomatis B/Jali20/OT, complete sequence",/home/pshar31/ANI_comparisons/CT_subset_removing_in_vitro_Strains/renamed_only_chromosome/GCF_000026925.1_ASM2692v1_genomic.fna
9f73a90103c31bfa6de14c4fe19b58be,9f73a90103c31bfa6de14c4fe19b58be,9f73a901,31,DNA,0,1000,1003,0,"NP-UA__J__SQ011 Chlamydia trachomatis strain SQ01 chromosome, complete genome",/home/pshar31/ANI_comparisons/CT_subset_removing_in_vitro_Strains/renamed_only_chromosome/GCF_002777035.1_ASM277703v1_genomic.fna
13f4066814d2b74fca963d5b55c7919c,13f4066814d2b74fca963d5b55c7919c,13f40668,31,DNA,0,1000,984,0,"LGV__L3__L3/404/LN1 Chlamydia trachomatis L3/404/LN, complete sequence",/home/pshar31/ANI_comparisons/CT_subset_removing_in_vitro_Strains/renamed_only_chromosome/GCF_000319105.1_ASM31910v1_genomic.fna
9f73a90103c31bfa6de14c4fe19b58be_0,9f73a90103c31bfa6de14c4fe19b58be,9f73a901,31,DNA,0,1000,1003,0,"NP-UA__J__SQ021 Chlamydia trachomatis strain SQ02 chromosome, complete genome",/home/pshar31/ANI_comparisons/CT_subset_removing_in_vitro_Strains/renamed_only_chromosome/GCF_002777055.1_ASM277705v1_genomic.fna
4b8d384a1b0bb824a8a6f989aa15aee2,4b8d384a1b0bb824a8a6f989aa15aee2,4b8d384a,31,DNA,0,1000,994,0,"NP-UA__J__6276s1 Chlamydia trachomatis 6276s chromosome, whole genome shotgun sequence",/home/pshar31/ANI_comparisons/CT_subset_removing_in_vitro_Strains/renamed_only_chromosome/GCF_000173495.1_ASM17349v1_genomic.fna
9f73a90103c31bfa6de14c4fe19b58be_1,9f73a90103c31bfa6de14c4fe19b58be,9f73a901,31,DNA,0,1000,1003,0,"NP-UA__J__SQ051 Chlamydia trachomatis strain SQ05 chromosome, complete genome",/home/pshar31/ANI_comparisons/CT_subset_removing_in_vitro_Strains/renamed_only_chromosome/GCF_002777075.1_ASM277707v1_genomic.fna
50b13bc66864505ee39516c3c4da864b,50b13bc66864505ee39516c3c4da864b,50b13bc6,31,DNA,0,1000,988,0,"LGV__L1__L1/1322/p21 Chlamydia trachomatis L1/1322/p2, complete sequence",/home/pshar31/ANI_comparisons/CT_subset_removing_in_vitro_Strains/renamed_only_chromosome/GCF_000319165.1_ASM31916v1_genomic.fna
3f8fa133a7527362d71b02f6106eed07,3f8fa133a7527362d71b02f6106eed07,3f8fa133,31,DNA,0,1000,998,0,"P-UA__Ja__SQ251 Chlamydia trachomatis strain SQ25 chromosome, complete genome",/home/pshar31/ANI_comparisons/CT_subset_removing_in_vitro_Strains/renamed_only_chromosome/GCF_002777095.1_ASM277709v1_genomic.fna
909948e56d7ee484888883a4cadf17f5,909948e56d7ee484888883a4cadf17f5,909948e5,31,DNA,0,1000,998,0,Ocular__Ba__Ba_ref1,/home/pshar31/ANI_comparisons/CT_subset_removing_in_vitro_Strains/renamed_only_chromosome/Ba_ref.fna
3f8fa133a7527362d71b02f6106eed07_0,3f8fa133a7527362d71b02f6106eed07,3f8fa133,31,DNA,0,1000,998,0,P-UA__Ja__SQ281 Chlamydia trachomatis strain SQ28 chromosome,/home/pshar31/ANI_comparisons/CT_subset_removing_in_vitro_Strains/renamed_only_chromosome/GCF_002777115.1_ASM277711v1_genomic.fna
32cbb8f472d9d5518552acae903574b2,32cbb8f472d9d5518552acae903574b2,32cbb8f4,31,DNA,0,1000,1004,0,"P-UA__E__IU8881 Chlamydia trachomatis IU888, complete sequence",/home/pshar31/ANI_comparisons/CT_subset_removing_in_vitro_Strains/renamed_only_chromosome/GCF_000348825.1_ASM34882v1_genomic.fna
39434d25f32588ba54f01c019c1c7345,39434d25f32588ba54f01c019c1c7345,39434d25,31,DNA,0,1000,1005,0,"NP-UA__K__SQ151 Chlamydia trachomatis strain SQ15 chromosome, complete genome",/home/pshar31/ANI_comparisons/CT_subset_removing_in_vitro_Strains/renamed_only_chromosome/GCF_002777135.1_ASM277713v1_genomic.fna
49587e12854dd279765697497c15571f,49587e12854dd279765697497c15571f,49587e12,31,DNA,0,1000,1016,0,"P-UA__F__701 Chlamydia trachomatis 70 chromosome, whole genome shotgun sequence",/home/pshar31/ANI_comparisons/CT_subset_removing_in_vitro_Strains/renamed_only_chromosome/GCF_000173515.1_ASM17351v1_genomic.fna
9ffc07a9af8bb2cf14b4b9d694219063,9ffc07a9af8bb2cf14b4b9d694219063,9ffc07a9,31,DNA,0,1000,1004,0,"NP-UA__K__SQ191 Chlamydia trachomatis strain SQ19 chromosome, complete genome",/home/pshar31/ANI_comparisons/CT_subset_removing_in_vitro_Strains/renamed_only_chromosome/GCF_002777155.1_ASM277715v1_genomic.fna
e78384fa813dec04caa61687fa24a9bd,e78384fa813dec04caa61687fa24a9bd,e78384fa,31,DNA,0,1000,1005,0,"P-UA__E__IU8241 Chlamydia trachomatis IU824, complete sequence",/home/pshar31/ANI_comparisons/CT_subset_removing_in_vitro_Strains/renamed_only_chromosome/GCF_000348845.1_ASM34884v1_genomic.fna
feff339692fd5bf6ec73ac7d13285ca0_4,feff339692fd5bf6ec73ac7d13285ca0,feff3396,31,DNA,0,1000,987,0,"LGV__L2b__L2f1 Chlamydia trachomatis strain L2f chromosome, complete genome",/home/pshar31/ANI_comparisons/CT_subset_removing_in_vitro_Strains/renamed_only_chromosome/GCF_025723025.1_ASM2572302v1_genomic.fna
feff339692fd5bf6ec73ac7d13285ca0_5,feff339692fd5bf6ec73ac7d13285ca0,feff3396,31,DNA,0,1000,987,0,"LGV__L2b__UCH-11 Chlamydia trachomatis L2b/UCH-1/proctitis, complete sequence",/home/pshar31/ANI_comparisons/CT_subset_removing_in_vitro_Strains/renamed_only_chromosome/GCF_000068525.2_ASM6852v2_genomic.fna
d51754570ebbead163c19c4a13705b1a_0,d51754570ebbead163c19c4a13705b1a,d5175457,31,DNA,0,1000,978,0,"LGV__L2__LGV_II_4341 Chlamydia trachomatis strain LGV II 434 chromosome, complete genome",/home/pshar31/ANI_comparisons/CT_subset_removing_in_vitro_Strains/renamed_only_chromosome/GCF_036285905.1_ASM3628590v1_genomic.fna
13eb71cc223a6766814cbb074b208dce_0,13eb71cc223a6766814cbb074b208dce,13eb71cc,31,DNA,0,1000,988,0,"LGV__L2__L2/434/Bu(i)1 Chlamydia trachomatis L2/434/Bu(i), complete sequence",/home/pshar31/ANI_comparisons/CT_subset_removing_in_vitro_Strains/renamed_only_chromosome/GCF_000364765.1_ASM36476v1_genomic.fna
1f633c87f9cde85524d0dfe982ad0337,1f633c87f9cde85524d0dfe982ad0337,1f633c87,31,DNA,0,1000,1007,0,NP-UA__G__G_ref1,/home/pshar31/ANI_comparisons/CT_subset_removing_in_vitro_Strains/renamed_only_chromosome/G_ref.fna
9364d9383cf0426239eb5dace4a3760c,9364d9383cf0426239eb5dace4a3760c,9364d938,31,DNA,0,1000,1014,0,"P-UA__F__70s1 Chlamydia trachomatis 70s chromosome, whole genome shotgun sequence",/home/pshar31/ANI_comparisons/CT_subset_removing_in_vitro_Strains/renamed_only_chromosome/GCF_000173535.1_ASM17353v1_genomic.fna
dee8ef8a39b0003c99c8df351f84f412,dee8ef8a39b0003c99c8df351f84f412,dee8ef8a,31,DNA,0,1000,1008,0,NP-UA__H__H_ref1,/home/pshar31/ANI_comparisons/CT_subset_removing_in_vitro_Strains/renamed_only_chromosome/H_ref.fna
13eb71cc223a6766814cbb074b208dce_1,13eb71cc223a6766814cbb074b208dce,13eb71cc,31,DNA,0,1000,988,0,"LGV__L2__L2/434/Bu(f)1 Chlamydia trachomatis L2/434/Bu(f), complete sequence",/home/pshar31/ANI_comparisons/CT_subset_removing_in_vitro_Strains/renamed_only_chromosome/GCF_000364785.1_ASM36478v1_genomic.fna
652788daeeab67c86504a250c237c149,652788daeeab67c86504a250c237c149,652788da,31,DNA,0,1000,1004,0,NP-UA__Ia__Ia_ref1,/home/pshar31/ANI_comparisons/CT_subset_removing_in_vitro_Strains/renamed_only_chromosome/Ia_ref.fna
7c87e6287f498cdaf74e42e255d12290,7c87e6287f498cdaf74e42e255d12290,7c87e628,31,DNA,0,1000,1005,0,P-UA__E__E_ref1,/home/pshar31/ANI_comparisons/CT_subset_removing_in_vitro_Strains/renamed_only_chromosome/E_ref.fna
2f2afd7031da4148a865b067e66a66e9,2f2afd7031da4148a865b067e66a66e9,2f2afd70,31,DNA,0,1000,999,0,NP-UA__I__I_ref1,/home/pshar31/ANI_comparisons/CT_subset_removing_in_vitro_Strains/renamed_only_chromosome/I_ref.fna
4c4555c0dd0e0f973c092cea3f949ce0,4c4555c0dd0e0f973c092cea3f949ce0,4c4555c0,31,DNA,0,1000,995,0,"Ocular__C__C/TW-31 Chlamydia trachomatis C/TW-3, complete sequence",/home/pshar31/ANI_comparisons/CT_subset_removing_in_vitro_Strains/renamed_only_chromosome/GCF_000507225.1_ASM50722v1_genomic.fna
79b27f3fb629ab51eed5c26094a069ba,79b27f3fb629ab51eed5c26094a069ba,79b27f3f,31,DNA,0,1000,1000,0,NP-UA__Ja__Ja_ref1,/home/pshar31/ANI_comparisons/CT_subset_removing_in_vitro_Strains/renamed_only_chromosome/Ja_ref.fna
e1635557a7c64dc223f0aa54c1938aaa,e1635557a7c64dc223f0aa54c1938aaa,e1635557,31,DNA,0,1000,1007,0,"P-UA__D__D(s)29231 Chlamydia trachomatis D(s)2923 chromosome, whole genome shotgun sequence",/home/pshar31/ANI_comparisons/CT_subset_removing_in_vitro_Strains/renamed_only_chromosome/GCF_000174055.1_ASM17405v1_genomic.fna
79b27f3fb629ab51eed5c26094a069ba_0,79b27f3fb629ab51eed5c26094a069ba,79b27f3f,31,DNA,0,1000,1000,0,NP-UA__J__J_ref1,/home/pshar31/ANI_comparisons/CT_subset_removing_in_vitro_Strains/renamed_only_chromosome/J_ref.fna
2747706c96afe49f40ebe1dbb5f6a9a7,2747706c96afe49f40ebe1dbb5f6a9a7,2747706c,31,DNA,0,1000,1008,0,"P-UA__F__F/1-931 Chlamydia trachomatis, complete sequence",/home/pshar31/ANI_comparisons/CT_subset_removing_in_vitro_Strains/renamed_only_chromosome/GCF_000590575.1_ASM59057v1_genomic.fna
7ac47014939b741840345ddf44633c84,7ac47014939b741840345ddf44633c84,7ac47014,31,DNA,0,1000,1008,0,NP-UA__K__K_ref1,/home/pshar31/ANI_comparisons/CT_subset_removing_in_vitro_Strains/renamed_only_chromosome/K_ref.fna
13eb71cc223a6766814cbb074b208dce_2,13eb71cc223a6766814cbb074b208dce,13eb71cc,31,DNA,0,1000,988,0,"LGV__L21 Chlamydia trachomatis 434/Bu, complete sequence",/home/pshar31/ANI_comparisons/CT_subset_removing_in_vitro_Strains/renamed_only_chromosome/GCF_000068585.1_ASM6858v1_genomic.fna
d51754570ebbead163c19c4a13705b1a_1,d51754570ebbead163c19c4a13705b1a,d5175457,31,DNA,0,1000,978,0,LGV__L1__L1_ref1,/home/pshar31/ANI_comparisons/CT_subset_removing_in_vitro_Strains/renamed_only_chromosome/L1_ref.fna
39988786cec538c9bba93a06c34bb354,39988786cec538c9bba93a06c34bb354,39988786,31,DNA,0,1000,1011,0,"P-UA__F__F/2-931 Chlamydia trachomatis, complete sequence",/home/pshar31/ANI_comparisons/CT_subset_removing_in_vitro_Strains/renamed_only_chromosome/GCF_000590595.1_ASM59059v1_genomic.fna
6718ee55597a62a172f2849209348afa,6718ee55597a62a172f2849209348afa,6718ee55,31,DNA,0,1000,995,0,LGV__L2a__L2a_ref1,/home/pshar31/ANI_comparisons/CT_subset_removing_in_vitro_Strains/renamed_only_chromosome/L2a_ref.fna
35640cce46a2e5d383cf0f814ab43d2c,35640cce46a2e5d383cf0f814ab43d2c,35640cce,31,DNA,0,1000,1019,0,"P-UA__E__Sweden21 Chlamydia trachomatis Sweden2, complete sequence",/home/pshar31/ANI_comparisons/CT_subset_removing_in_vitro_Strains/renamed_only_chromosome/GCF_000210495.1_ASM21049v1_genomic.fna
78e82ffd757b8d1e0ed90f7b8ca6902a,78e82ffd757b8d1e0ed90f7b8ca6902a,78e82ffd,31,DNA,0,1000,987,0,LGV__L2c__L2c_ref1,/home/pshar31/ANI_comparisons/CT_subset_removing_in_vitro_Strains/renamed_only_chromosome/L2c_ref.fna
6f055a4bf389782023786b45ba429490,6f055a4bf389782023786b45ba429490,6f055a4b,31,DNA,0,1000,1007,0,"P-UA__F__F/6-941 Chlamydia trachomatis, complete sequence",/home/pshar31/ANI_comparisons/CT_subset_removing_in_vitro_Strains/renamed_only_chromosome/GCF_000590615.1_ASM59061v1_genomic.fna
388b387a2716757b1bee1bb00163e3c9,388b387a2716757b1bee1bb00163e3c9,388b387a,31,DNA,0,1000,991,0,LGV__L21,/home/pshar31/ANI_comparisons/CT_subset_removing_in_vitro_Strains/renamed_only_chromosome/L2_ref.fna
11a8cdc5e3fb38bee709ed1778d24144,11a8cdc5e3fb38bee709ed1778d24144,11a8cdc5,31,DNA,0,1000,996,0,Ocular__C__C_ref1,/home/pshar31/ANI_comparisons/CT_subset_removing_in_vitro_Strains/renamed_only_chromosome/C_ref.fna
13f4066814d2b74fca963d5b55c7919c_0,13f4066814d2b74fca963d5b55c7919c,13f40668,31,DNA,0,1000,984,0,LGV__L3__L3_ref1,/home/pshar31/ANI_comparisons/CT_subset_removing_in_vitro_Strains/renamed_only_chromosome/L3_ref.fna
